gender,age,region,used_products,used_shampoo,usage_trigger,feeling_after_use,desired_compliment,expected_features,usage_occasion,occasion_reason,current_brand,brand_reason,pain_points,purchase_channels,main_channel,Target_Winning_Zone,pain_points_std,brand_reason_std
หญิง,55 ปีขึ้นไป,กทม. & ปริมณฑล,"แชมพูปิดผมขาว (ฉีก เท สระ เหมือนสระผม), ครีมเปลี่ยนสีผมแบบต้องผสม (ในถ้วย/ขวด)",เคยใช้แชมพูปิดผมขาว,ต้องไปงาน,สบายใจขึ้น,ย้อมได้ทั่วดี,"ปิดผมหงอกเนียนสนิท, รวดเร็ว ใช้เวลาน้อยในการทำ, ได้สีผมเป็นธรรมชาติ, ไม่แสบหนังศีรษะ, กลิ่นไม่ฉุน, ใช้งานง่าย ไม่ต้องผสม, มีสารบำรุง, ราคาดี / คุ้มค่า, หาซื้อง่าย / มีขายใกล้บ้าน","ก่อนออกงานสังคม เช่น งานแต่งงาน, งานบวช, ก่อนเจอเพื่อนเก่า เช่น งานรวมรุ่น",ผมขาวดูสูงวัย,HerbaSure,เพื่อนแนะนำ,ไม่มี,"ซูเปอร์มาร์เก็ต / ห้างใหญ่ (เช่น Big C, Lotus, Tops)","ซูเปอร์มาร์เก็ต / ห้างใหญ่ (เช่น Big C, Lotus, Tops)",1,ไม่มีปัญหา / ไม่ระบุ,"เหตุผลอื่น ๆ (เพื่อนแนะนำ, โฆษณา, พรีเซนเตอร์)"
หญิง,35–44 ปี,กทม. & ปริมณฑล,แชมพูปิดผมขาว (ฉีก เท สระ เหมือนสระผม),เคยใช้แชมพูปิดผมขาว,เห็นผมขาว,เพิ่มความมั่นใจ,ดูอ่อนกว่าวัย,"ปิดผมหงอกเนียนสนิท, รวดเร็ว ใช้เวลาน้อยในการทำ, ได้สีผมเป็นธรรมชาติ, ไม่แสบหนังศีรษะ, กลิ่นไม่ฉุน, ใช้งานง่าย ไม่ต้องผสม, มีสารบำรุง, สีไม่หลุดง่าย, ราคาดี / คุ้มค่า, หาซื้อง่าย / มีขายใกล้บ้าน","ก่อนออกงานสังคม เช่น งานแต่งงาน, งานบวช, ก่อนเจอเพื่อนเก่า เช่น งานรวมรุ่น, ช่วงเทศกาล เช่น ปีใหม่ สงกรานต์",เพิ่มความมั่นใจ,HerbaSure,เพราะคำเคลมว่าส่วนผลมจากธรรมชาติ,สีหลุดง่าย หลังใช้ผมแห้งกระด้าง ต้องการให้อยู่ได้นาน1เดือนขึ้นและผมนุ่ม,"ซูเปอร์มาร์เก็ต / ห้างใหญ่ (เช่น Big C, Lotus, Tops), ร้านสะดวกซื้อ (เช่น 7-11, CJ More, Big C Mini)","ร้านสะดวกซื้อ (เช่น 7-11, CJ More, Big C Mini)",1,มีทั้งปัญหาแพ้/กลิ่น และสีไม่ติด,เลือกเพราะอ่อนโยน/ไม่แพ้/กลิ่นดี
หญิง,45–54 ปี,ภาคตะวันออก,แบบซองครีม (ไม่ต้องผสม บีบแล้วลูบลงผมได้เลย),เคยใช้แชมพูปิดผมขาว,มีคนทัก,มั่นใจขึ้น,สวย ปิดงอกแล้ว,"ปิดผมหงอกเนียนสนิท, มีเฉดสีให้เลือกเยอะ, สีไม่หลุดง่าย","ก่อนออกงานสังคม เช่น งานแต่งงาน, งานบวช, ก่อนงานสำคัญ เช่น ประชุมใหญ่บริษัท, พรีเซนต์งาน, ช่วงเทศกาล เช่น ปีใหม่ สงกรานต์",ความพร้อมดูดี มั่นใจเวลาคนพบเห็น,HerbaSure,ราคา,อยากได้ที่ดีกว่า ราคาไม่แพง,"ซูเปอร์มาร์เก็ต / ห้างใหญ่ (เช่น Big C, Lotus, Tops), ร้านสะดวกซื้อ (เช่น 7-11, CJ More, Big C Mini), ร้านขายยาหรือร้านบิวตี้ (เช่น Boots, Watsons)","ร้านขายยาหรือร้านบิวตี้ (เช่น Boots, Watsons)",0,"ปัญหาอื่น ๆ (ราคา, แพ็คเกจ, เลอะเทอะ, ใช้งานยาก)",เลือกเพราะราคา/ความคุ้มค่า
หญิง,55 ปีขึ้นไป,กทม. & ปริมณฑล,"แชมพูปิดผมขาว (ฉีก เท สระ เหมือนสระผม), ครีมเปลี่ยนสีผมแบบต้องผสม (ในถ้วย/ขวด)",เคยใช้แชมพูปิดผมขาว,ต้องไปงาน,"รู้สึกดี,หน้าเด็กลง,มีสีผมที่ชอบ",ดูดีขึ้น,"ปิดผมหงอกเนียนสนิท, มีเฉดสีให้เลือกเยอะ, ไม่แสบหนังศีรษะ, กลิ่นไม่ฉุน, มีสารบำรุง, สีไม่หลุดง่าย, หาซื้อง่าย / มีขายใกล้บ้าน","ก่อนออกงานสังคม เช่น งานแต่งงาน, งานบวช, ก่อนเจอเพื่อนเก่า เช่น งานรวมรุ่น, ช่วงเทศกาล เช่น ปีใหม่ สงกรานต์","เบื่อคำพูด ""โอ้โห้ ผมหงอกเยอะจัง""",HerbaSure,หาซื้อสะดวก,อยากให้ผมนุ่มกว่านี้,"ซูเปอร์มาร์เก็ต / ห้างใหญ่ (เช่น Big C, Lotus, Tops), ร้านสะดวกซื้อ (เช่น 7-11, CJ More, Big C Mini), ร้านขายยาหรือร้านบิวตี้ (เช่น Boots, Watsons)","ร้านสะดวกซื้อ (เช่น 7-11, CJ More, Big C Mini)",1,"ปัญหาอื่น ๆ (ราคา, แพ็คเกจ, เลอะเทอะ, ใช้งานยาก)",เลือกเพราะใช้ง่าย/สะดวกรวดเร็ว
หญิง,55 ปีขึ้นไป,กทม. & ปริมณฑล,"แชมพูปิดผมขาว (ฉีก เท สระ เหมือนสระผม), ครีมเปลี่ยนสีผมแบบต้องผสม (ในถ้วย/ขวด), แบบซองครีม (ไม่ต้องผสม บีบแล้วลูบลงผมได้เลย)",เคยใช้แชมพูปิดผมขาว,ต้องไปงาน,ชอบ,ดูดี,"ปิดผมหงอกเนียนสนิท, รวดเร็ว ใช้เวลาน้อยในการทำ, ได้สีผมเป็นธรรมชาติ, ไม่แสบหนังศีรษะ, กลิ่นไม่ฉุน, ใช้งานง่าย ไม่ต้องผสม, มีสารบำรุง, สีไม่หลุดง่าย, ราคาดี / คุ้มค่า, หาซื้อง่าย / มีขายใกล้บ้าน","ก่อนออกงานสังคม เช่น งานแต่งงาน, งานบวช, ก่อนงานสำคัญ เช่น ประชุมใหญ่บริษัท, พรีเซนต์งาน, ก่อนเจอเพื่อนเก่า เช่น งานรวมรุ่น, ช่วงเทศกาล เช่น ปีใหม่ สงกรานต์",ดูดี,"Lorisse, Florevia",ใช้ง่าย ติดดี,หลังใช้ เส้นผมไม่แห้ง,"ซูเปอร์มาร์เก็ต / ห้างใหญ่ (เช่น Big C, Lotus, Tops), ร้านสะดวกซื้อ (เช่น 7-11, CJ More, Big C Mini), ร้านขายยาหรือร้านบิวตี้ (เช่น Boots, Watsons)","ซูเปอร์มาร์เก็ต / ห้างใหญ่ (เช่น Big C, Lotus, Tops)",1,มีปัญหาเรื่องกลิ่น/แสบคัน/ผมเสีย,เลือกเพราะใช้ง่าย/สะดวกรวดเร็ว
หญิง,30–34 ปี,กทม. & ปริมณฑล,"แชมพูปิดผมขาว (ฉีก เท สระ เหมือนสระผม), ครีมเปลี่ยนสีผมแบบต้องผสม (ในถ้วย/ขวด), แบบซองครีม (ไม่ต้องผสม บีบแล้วลูบลงผมได้เลย)",เคยใช้แชมพูปิดผมขาว,รีบใช้ผมและไม่มีเวลาย้อม,มั่นใจขึ้น,ไม่เห็นผมงอกละนะ,"ปิดผมหงอกเนียนสนิท, รวดเร็ว ใช้เวลาน้อยในการทำ, ได้สีผมเป็นธรรมชาติ, ไม่แสบหนังศีรษะ, กลิ่นไม่ฉุน, ใช้งานง่าย ไม่ต้องผสม, สีไม่หลุดง่าย","ก่อนงานสำคัญ เช่น ประชุมใหญ่บริษัท, พรีเซนต์งาน, ก่อนเจอเพื่อนเก่า เช่น งานรวมรุ่น, วันธรรมดาที่รู้สึกไม่มั่นใจในผมหงอก",ส่วนใหญ่เป็นเหตุการณ์เร่งด่วนที่รู้กระทันหันหรือ เตรียมตัวย้อมผมไม่ทันเลยต้องรีบใช้แชมพูเปลี่ยนสีผมไปก่อน วันที่จะต้องดูดี 1 วัน,Kronwald,เชื่อมั่นในแบรนด์,สีติดเล็บติดมือ อยากให้สีมันไม่ติดเล็บ,"ซูเปอร์มาร์เก็ต / ห้างใหญ่ (เช่น Big C, Lotus, Tops), ร้านขายยาหรือร้านบิวตี้ (เช่น Boots, Watsons)","ร้านขายยาหรือร้านบิวตี้ (เช่น Boots, Watsons)",1,มีปัญหาเรื่องสีไม่ติด/หลุดไว,"เหตุผลอื่น ๆ (เพื่อนแนะนำ, โฆษณา, พรีเซนเตอร์)"
หญิง,55 ปีขึ้นไป,กทม. & ปริมณฑล,แชมพูปิดผมขาว (ฉีก เท สระ เหมือนสระผม),เคยใช้แชมพูปิดผมขาว,เห็นผมขาว,มั่นใจขึ้น,ยังดูดี ไม่แก่เลย,"ปิดผมหงอกเนียนสนิท, รวดเร็ว ใช้เวลาน้อยในการทำ, ได้สีผมเป็นธรรมชาติ, ไม่แสบหนังศีรษะ, กลิ่นไม่ฉุน, ใช้งานง่าย ไม่ต้องผสม, มีสารบำรุง, ราคาดี / คุ้มค่า",ใช้เป็นประจำ ไม่ได้ขึ้นกับโอกาส,เพื่อความมั่นใจ,HerbaSure,ใช้ง่าย ราคาดี,ไม่ระบุ,"ซูเปอร์มาร์เก็ต / ห้างใหญ่ (เช่น Big C, Lotus, Tops), ร้านสะดวกซื้อ (เช่น 7-11, CJ More, Big C Mini), ออนไลน์ (Shopee, Lazada, TikTok shop ฯลฯ)","ซูเปอร์มาร์เก็ต / ห้างใหญ่ (เช่น Big C, Lotus, Tops)",1,ไม่มีปัญหา / ไม่ระบุ,เลือกเพราะใช้ง่าย/สะดวกรวดเร็ว
หญิง,45–54 ปี,กทม. & ปริมณฑล,"แชมพูปิดผมขาว (ฉีก เท สระ เหมือนสระผม), ครีมเปลี่ยนสีผมแบบต้องผสม (ในถ้วย/ขวด)",เคยใช้แชมพูปิดผมขาว,เห็นผมขาว,มั่นใจขึ้น,ดูดีขึ้น,"ปิดผมหงอกเนียนสนิท, มีเฉดสีให้เลือกเยอะ, ไม่แสบหนังศีรษะ, กลิ่นไม่ฉุน, ใช้งานง่าย ไม่ต้องผสม, มีสารบำรุง, สีไม่หลุดง่าย, ราคาดี / คุ้มค่า, หาซื้อง่าย / มีขายใกล้บ้าน","ก่อนออกงานสังคม เช่น งานแต่งงาน, งานบวช, ถ่ายรูปติดบัตร เช่น บัตรประชาชน/ใบขับขี่/พาสปอร์ต, ช่วงเทศกาล เช่น ปีใหม่ สงกรานต์",เจอคนรู้ตักเยอะ,"Oréline, Hiyora Style",ปกปิดดี กลิ่นไม่ฉุน ไม่แพ้,ราคาโปรโมชั่น,"ซูเปอร์มาร์เก็ต / ห้างใหญ่ (เช่น Big C, Lotus, Tops), ร้านค้าทั่วไปใกล้บ้าน (เช่น ร้านโชห่วย, ร้านของชำ), ร้านขายยาหรือร้านบิวตี้ (เช่น Boots, Watsons)","ซูเปอร์มาร์เก็ต / ห้างใหญ่ (เช่น Big C, Lotus, Tops)",1,"ปัญหาอื่น ๆ (ราคา, แพ็คเกจ, เลอะเทอะ, ใช้งานยาก)",เลือกเพราะอ่อนโยน/ไม่แพ้/กลิ่นดี
หญิง,55 ปีขึ้นไป,กทม. & ปริมณฑล,"แชมพูปิดผมขาว (ฉีก เท สระ เหมือนสระผม), ครีมเปลี่ยนสีผมแบบต้องผสม (ในถ้วย/ขวด), แบบซองครีม (ไม่ต้องผสม บีบแล้วลูบลงผมได้เลย)",เคยใช้แชมพูปิดผมขาว,ตามอายุมีปริมาณมาก,ดูดี ไม่แก่,ดูสาว,"ปิดผมหงอกเนียนสนิท, รวดเร็ว ใช้เวลาน้อยในการทำ, ได้สีผมเป็นธรรมชาติ, ไม่แสบหนังศีรษะ, ใช้งานง่าย ไม่ต้องผสม, มีสารบำรุง, สีไม่หลุดง่าย, ราคาดี / คุ้มค่า, หาซื้อง่าย / มีขายใกล้บ้าน","วันธรรมดาที่รู้สึกไม่มั่นใจในผมหงอก, มีขึ้นปริมาณมากแล้วดูโทรม",ต้องการดูดีสวยงามสมวัย,LorissE. FloreVia Oréline,ใข้แล้วได้ผล ราคาเหมาะสม มีคุณภาพหน้าเชื่อถือ,ใช้เวลานาน สีถึงติดในบางแบรนด์,"ซูเปอร์มาร์เก็ต / ห้างใหญ่ (เช่น Big C, Lotus, Tops), ออนไลน์ (Shopee, Lazada, TikTok shop ฯลฯ)","ซูเปอร์มาร์เก็ต / ห้างใหญ่ (เช่น Big C, Lotus, Tops)",1,"ปัญหาอื่น ๆ (ราคา, แพ็คเกจ, เลอะเทอะ, ใช้งานยาก)",เลือกเพราะราคา/ความคุ้มค่า
หญิง,55 ปีขึ้นไป,กทม. & ปริมณฑล,"แชมพูปิดผมขาว (ฉีก เท สระ เหมือนสระผม), ครีมเปลี่ยนสีผมแบบต้องผสม (ในถ้วย/ขวด)",เคยใช้แชมพูปิดผมขาว,เห็นผมขาวตัวเอว,ดูดีมั่นใจขึ้น,ดูดี,"ปิดผมหงอกเนียนสนิท, รวดเร็ว ใช้เวลาน้อยในการทำ, ได้สีผมเป็นธรรมชาติ, ไม่แสบหนังศีรษะ, กลิ่นไม่ฉุน, มีสารบำรุง, สีไม่หลุดง่าย, ราคาดี / คุ้มค่า, หาซื้อง่าย / มีขายใกล้บ้าน, ไม่ใช่สารเคมี เป็นนสมุนไพร","ก่อนงานสำคัญ เช่น ประชุมใหญ่บริษัท, พรีเซนต์งาน, เห็นผมขาวมากขึ้นก็จะย้อมเอง",ทำให้ดูดี สนใจตนเองบ้าง,LorissE,กลิ่นไม่ฉุน มีส่วนผสมสมุนไพร ราคาดี ใช้มานานแล้ว ปิดผมขาวดี,ราคาตำ่ลงอีกหน่อย,"ซูเปอร์มาร์เก็ต / ห้างใหญ่ (เช่น Big C, Lotus, Tops), ออนไลน์ (Shopee, Lazada, TikTok shop ฯลฯ)","ออนไลน์ (Shopee, Lazada, TikTok shop ฯลฯ)",1,"ปัญหาอื่น ๆ (ราคา, แพ็คเกจ, เลอะเทอะ, ใช้งานยาก)",เลือกเพราะอ่อนโยน/ไม่แพ้/กลิ่นดี
หญิง,55 ปีขึ้นไป,กทม. & ปริมณฑล,แบบซองครีม (ไม่ต้องผสม บีบแล้วลูบลงผมได้เลย),เคยใช้แชมพูปิดผมขาว,สีผม ไม่เท่ากัน,มั่นใจขึ้น,ไม่สนใจคำชม หรอกค่ะ,"ไม่แสบหนังศีรษะ, กลิ่นไม่ฉุน, ใช้งานง่าย ไม่ต้องผสม, มีสารบำรุง, สีไม่หลุดง่าย, ราคาดี / คุ้มค่า",วันธรรมดาที่รู้สึกไม่มั่นใจในผมหงอก,ดูแลตัวเอง,จำไม่ได้ค่ะ เพราะเลิกใช้ไปแล้ว,ตอบแล้วนะคะ,ไม่ระบุ,"ซูเปอร์มาร์เก็ต / ห้างใหญ่ (เช่น Big C, Lotus, Tops)","ซูเปอร์มาร์เก็ต / ห้างใหญ่ (เช่น Big C, Lotus, Tops)",0,ไม่มีปัญหา / ไม่ระบุ,"เหตุผลอื่น ๆ (เพื่อนแนะนำ, โฆษณา, พรีเซนเตอร์)"
หญิง,55 ปีขึ้นไป,กทม. & ปริมณฑล,ครีมเปลี่ยนสีผมแบบต้องผสม (ในถ้วย/ขวด),เคยใช้แชมพูปิดผมขาว,ใช้ปิดผมขาวเป็นประจำ,ดูดีขึ้น,เหมือนเดิม,"ปิดผมหงอกเนียนสนิท, ได้สีผมเป็นธรรมชาติ",วันธรรมดาที่รู้สึกไม่มั่นใจในผมหงอก,ให้รู้สึกมั่นใจ,PureHerb,เป็นสมุนไพร 100 %,อยากให้มียาย้อมแบบนี้มากขึ้น,"ออนไลน์ (Shopee, Lazada, TikTok shop ฯลฯ)","ออนไลน์ (Shopee, Lazada, TikTok shop ฯลฯ)",1,"ปัญหาอื่น ๆ (ราคา, แพ็คเกจ, เลอะเทอะ, ใช้งานยาก)",เลือกเพราะอ่อนโยน/ไม่แพ้/กลิ่นดี
หญิง,55 ปีขึ้นไป,กทม. & ปริมณฑล,แชมพูปิดผมขาว (ฉีก เท สระ เหมือนสระผม),เคยใช้แชมพูปิดผมขาว,เห็นผมขาว,มั่นใจขึ้น,ไม่แก่,"รวดเร็ว ใช้เวลาน้อยในการทำ, ได้สีผมเป็นธรรมชาติ, ไม่แสบหนังศีรษะ, กลิ่นไม่ฉุน, ใช้งานง่าย ไม่ต้องผสม, มีสารบำรุง, สีไม่หลุดง่าย, ราคาดี / คุ้มค่า, หาซื้อง่าย / มีขายใกล้บ้าน",เมื่อเห็นผมขาว,ไม่มี,HerbaSure,ราคา กลิ่น สะดวก,ไม่ที,"ซูเปอร์มาร์เก็ต / ห้างใหญ่ (เช่น Big C, Lotus, Tops), ออนไลน์ (Shopee, Lazada, TikTok shop ฯลฯ)","ออนไลน์ (Shopee, Lazada, TikTok shop ฯลฯ)",0,"ปัญหาอื่น ๆ (ราคา, แพ็คเกจ, เลอะเทอะ, ใช้งานยาก)",เลือกเพราะใช้ง่าย/สะดวกรวดเร็ว
ชาย,55 ปีขึ้นไป,กทม. & ปริมณฑล,ครีมเปลี่ยนสีผมแบบต้องผสม (ในถ้วย/ขวด),เคยใช้แชมพูปิดผมขาว,ทำเดือนละ1 ครั้งทุกเดือน,รู้สึกหนุ่มขึ้น,หน้าแลดูเด็กกว่าวัย,"ปิดผมหงอกเนียนสนิท, รวดเร็ว ใช้เวลาน้อยในการทำ, ได้สีผมเป็นธรรมชาติ, ไม่แสบหนังศีรษะ, กลิ่นไม่ฉุน, สีไม่หลุดง่าย, ราคาดี / คุ้มค่า, หาซื้อง่าย / มีขายใกล้บ้าน","วันธรรมดาที่รู้สึกไม่มั่นใจในผมหงอก, หลังตัดผมมาแล้ว 1 สัปดาห์",รู้สึกดีขึ้นมั่นใจมากขึ้น,HerbaSure,ปราศจากสารเคมี,อยากให้ติดเฉพาะส่วนผมจริงๆเพียงส่วนเดียว เพราะทุกครั้งที่ย้อมจะติดผิวหนังไปอีก 2-3 วันกว่าจะจางลง ใครเห็นก็จะรู้ว่าย้อมผมมา,"ร้านสะดวกซื้อ (เช่น 7-11, CJ More, Big C Mini)","ร้านสะดวกซื้อ (เช่น 7-11, CJ More, Big C Mini)",1,มีปัญหาเรื่องสีไม่ติด/หลุดไว,"เหตุผลอื่น ๆ (เพื่อนแนะนำ, โฆษณา, พรีเซนเตอร์)"
หญิง,45–54 ปี,กทม. & ปริมณฑล,"แชมพูปิดผมขาว (ฉีก เท สระ เหมือนสระผม), ครีมเปลี่ยนสีผมแบบต้องผสม (ในถ้วย/ขวด)",เคยใช้แชมพูปิดผมขาว,มีผมขาว,มั่นใจขึ้น,หน้าตาสดใส,"ได้สีผมเป็นธรรมชาติ, ไม่แสบหนังศีรษะ, กลิ่นไม่ฉุน, สีไม่หลุดง่าย",ช่วงเทศกาล เช่น ปีใหม่ สงกรานต์,โอกาสพิเศษ,เปลี่ยนไปเรื่อยๆ,เห็นโฆษณา,ไม่ระบุ,"ซูเปอร์มาร์เก็ต / ห้างใหญ่ (เช่น Big C, Lotus, Tops), ร้านขายยาหรือร้านบิวตี้ (เช่น Boots, Watsons)","ร้านขายยาหรือร้านบิวตี้ (เช่น Boots, Watsons)",0,ไม่มีปัญหา / ไม่ระบุ,"เหตุผลอื่น ๆ (เพื่อนแนะนำ, โฆษณา, พรีเซนเตอร์)"
หญิง,35–44 ปี,ภาคเหนือ,"ครีมเปลี่ยนสีผมแบบต้องผสม (ในถ้วย/ขวด), แบบซองครีม (ไม่ต้องผสม บีบแล้วลูบลงผมได้เลย)",เคยใช้แชมพูปิดผมขาว,เห็นผมขาว,มั่นใจขึ้น,สวยขึ้นนะ,"ปิดผมหงอกเนียนสนิท, รวดเร็ว ใช้เวลาน้อยในการทำ, ได้สีผมเป็นธรรมชาติ, มีเฉดสีให้เลือกเยอะ, ไม่แสบหนังศีรษะ, กลิ่นไม่ฉุน, ใช้งานง่าย ไม่ต้องผสม, มีสารบำรุง, สีไม่หลุดง่าย, ราคาดี / คุ้มค่า, หาซื้อง่าย / มีขายใกล้บ้าน","ก่อนออกงานสังคม เช่น งานแต่งงาน, งานบวช, ก่อนงานสำคัญ เช่น ประชุมใหญ่บริษัท, พรีเซนต์งาน, ช่วงเทศกาล เช่น ปีใหม่ สงกรานต์, วันธรรมดาที่รู้สึกไม่มั่นใจในผมหงอก",ทำให้มั่นใจขึ้น,DeeAsh,สีสวย,อยากให้ติดนานๆ,"ร้านค้าทั่วไปใกล้บ้าน (เช่น ร้านโชห่วย, ร้านของชำ), ออนไลน์ (Shopee, Lazada, TikTok shop ฯลฯ)","ออนไลน์ (Shopee, Lazada, TikTok shop ฯลฯ)",1,"ปัญหาอื่น ๆ (ราคา, แพ็คเกจ, เลอะเทอะ, ใช้งานยาก)",เลือกเพราะสีติดทน/สีสวย
หญิง,55 ปีขึ้นไป,กทม. & ปริมณฑล,ครีมเปลี่ยนสีผมแบบต้องผสม (ในถ้วย/ขวด),เคยใช้แชมพูปิดผมขาว,เห็นผมขาว,มั่นใจขึ้น,ดูเด็กขึ้นเยอะ,"ปิดผมหงอกเนียนสนิท, ไม่แสบหนังศีรษะ, กลิ่นไม่ฉุน, สีไม่หลุดง่าย, ราคาดี / คุ้มค่า, หาซื้อง่าย / มีขายใกล้บ้าน","ก่อนงานสำคัญ เช่น ประชุมใหญ่บริษัท, พรีเซนต์งาน, ก่อนเจอเพื่อนเก่า เช่น งานรวมรุ่น, ช่วงเทศกาล เช่น ปีใหม่ สงกรานต์, วันธรรมดาที่รู้สึกไม่มั่นใจในผมหงอก",เพิ่มความมั่นใจและดูดี,Lyora,ใช้ง่าย กลิ่นไม่ฉุน,เพิ่มเฉดสีมากขึ้น,"ซูเปอร์มาร์เก็ต / ห้างใหญ่ (เช่น Big C, Lotus, Tops), ร้านขายยาหรือร้านบิวตี้ (เช่น Boots, Watsons), ออนไลน์ (Shopee, Lazada, TikTok shop ฯลฯ)","ออนไลน์ (Shopee, Lazada, TikTok shop ฯลฯ)",1,"ปัญหาอื่น ๆ (ราคา, แพ็คเกจ, เลอะเทอะ, ใช้งานยาก)",เลือกเพราะอ่อนโยน/ไม่แพ้/กลิ่นดี
หญิง,55 ปีขึ้นไป,กทม. & ปริมณฑล,"แชมพูปิดผมขาว (ฉีก เท สระ เหมือนสระผม), ครีมเปลี่ยนสีผมแบบต้องผสม (ในถ้วย/ขวด)",เคยใช้แชมพูปิดผมขาว,ปิดผมขาว,รักษาสภาพภายนอก,สวย,"ปิดผมหงอกเนียนสนิท, รวดเร็ว ใช้เวลาน้อยในการทำ, ได้สีผมเป็นธรรมชาติ, ไม่แสบหนังศีรษะ, กลิ่นไม่ฉุน, ใช้งานง่าย ไม่ต้องผสม, มีสารบำรุง, สีไม่หลุดง่าย, ราคาดี / คุ้มค่า, หาซื้อง่าย / มีขายใกล้บ้าน","ก่อนออกงานสังคม เช่น งานแต่งงาน, งานบวช, ก่อนงานสำคัญ เช่น ประชุมใหญ่บริษัท, พรีเซนต์งาน, ถ่ายรูปติดบัตร เช่น บัตรประชาชน/ใบขับขี่/พาสปอร์ต, ก่อนเจอเพื่อนเก่า เช่น งานรวมรุ่น",ขี้เกียจทำ,DeeAsh,เคยใช้ ไม่แพ้ ราคา มี ส่วนลด โปรโมชีชั่น,ราคา โปรโมชั่น,"ซูเปอร์มาร์เก็ต / ห้างใหญ่ (เช่น Big C, Lotus, Tops), ร้านค้าทั่วไปใกล้บ้าน (เช่น ร้านโชห่วย, ร้านของชำ), ร้านสะดวกซื้อ (เช่น 7-11, CJ More, Big C Mini)","ซูเปอร์มาร์เก็ต / ห้างใหญ่ (เช่น Big C, Lotus, Tops)",1,"ปัญหาอื่น ๆ (ราคา, แพ็คเกจ, เลอะเทอะ, ใช้งานยาก)",เลือกเพราะอ่อนโยน/ไม่แพ้/กลิ่นดี
หญิง,45–54 ปี,ภาคเหนือ,"แชมพูปิดผมขาว (ฉีก เท สระ เหมือนสระผม), ครีมเปลี่ยนสีผมแบบต้องผสม (ในถ้วย/ขวด), แบบซองครีม (ไม่ต้องผสม บีบแล้วลูบลงผมได้เลย)",เคยใช้แชมพูปิดผมขาว,ผมขาวชัดเจน,มั่นใจมากขึ้น หน้าดูเด็กลง,หน้าตาอ่อนกว่าวัย,"ปิดผมหงอกเนียนสนิท, รวดเร็ว ใช้เวลาน้อยในการทำ, ได้สีผมเป็นธรรมชาติ, ไม่แสบหนังศีรษะ, กลิ่นไม่ฉุน, ใช้งานง่าย ไม่ต้องผสม, มีสารบำรุง, สีไม่หลุดง่าย, ราคาดี / คุ้มค่า, หาซื้อง่าย / มีขายใกล้บ้าน",ถ้าผมหงอกชัดเจนก็จะใช้,บุคลิกภาพ ทำให้มั่นใจเมื่อต้องเจอผุ้คน หน้าตาสดใสดูเด็กลง,HerbaSure,ใช้ง่าย ไม่ฉุน ราคาดี,หลังจากล้างออก ผมจะแข็ง ต้องใ่ช้ครีมนวดมากพอสมควร,"ซูเปอร์มาร์เก็ต / ห้างใหญ่ (เช่น Big C, Lotus, Tops), ร้านสะดวกซื้อ (เช่น 7-11, CJ More, Big C Mini)","ร้านสะดวกซื้อ (เช่น 7-11, CJ More, Big C Mini)",1,"ปัญหาอื่น ๆ (ราคา, แพ็คเกจ, เลอะเทอะ, ใช้งานยาก)",เลือกเพราะใช้ง่าย/สะดวกรวดเร็ว
ชาย,30–34 ปี,ภาคตะวันออก,แชมพูปิดผมขาว (ฉีก เท สระ เหมือนสระผม),เคยใช้แชมพูปิดผมขาว,ผมขาว,มั่นใจขึ้น,หล่อมาก,"ปิดผมหงอกเนียนสนิท, รวดเร็ว ใช้เวลาน้อยในการทำ, ได้สีผมเป็นธรรมชาติ, ไม่แสบหนังศีรษะ, กลิ่นไม่ฉุน, สีไม่หลุดง่าย, ราคาดี / คุ้มค่า, หาซื้อง่าย / มีขายใกล้บ้าน","ก่อนออกงานสังคม เช่น งานแต่งงาน, งานบวช, ก่อนงานสำคัญ เช่น ประชุมใหญ่บริษัท, พรีเซนต์งาน, ก่อนเจอเพื่อนเก่า เช่น งานรวมรุ่น, ช่วงเทศกาล เช่น ปีใหม่ สงกรานต์",มั่นใจขึ้น,HerbaSure,ใช้ง่าย,ติดผมนานๆ,"ซูเปอร์มาร์เก็ต / ห้างใหญ่ (เช่น Big C, Lotus, Tops), ร้านขายยาหรือร้านบิวตี้ (เช่น Boots, Watsons)","ออนไลน์ (Shopee, Lazada, TikTok shop ฯลฯ)",1,"ปัญหาอื่น ๆ (ราคา, แพ็คเกจ, เลอะเทอะ, ใช้งานยาก)",เลือกเพราะใช้ง่าย/สะดวกรวดเร็ว
ชาย,55 ปีขึ้นไป,กทม. & ปริมณฑล,แบบซองครีม (ไม่ต้องผสม บีบแล้วลูบลงผมได้เลย),เคยใช้แชมพูปิดผมขาว,ยังผมขาวมองให้เห็น,ชอบนะที่ไม่เห็นผมหงอก,ดูหนุ่มขึ้นนะ,"รวดเร็ว ใช้เวลาน้อยในการทำ, ได้สีผมเป็นธรรมชาติ, กลิ่นไม่ฉุน, สีไม่หลุดง่าย, ราคาดี / คุ้มค่า, หาซื้อง่าย / มีขายใกล้บ้าน","ก่อนออกงานสังคม เช่น งานแต่งงาน, งานบวช, ถ่ายรูปติดบัตร เช่น บัตรประชาชน/ใบขับขี่/พาสปอร์ต, ก่อนเจอเพื่อนเก่า เช่น งานรวมรุ่น",ทำให้ดูดีครับ,Kronwald,กลิ่นไม่ฉุน,ราคาควรถูกลงหน่อย,"ซูเปอร์มาร์เก็ต / ห้างใหญ่ (เช่น Big C, Lotus, Tops), ออนไลน์ (Shopee, Lazada, TikTok shop ฯลฯ)","ออนไลน์ (Shopee, Lazada, TikTok shop ฯลฯ)",0,"ปัญหาอื่น ๆ (ราคา, แพ็คเกจ, เลอะเทอะ, ใช้งานยาก)",เลือกเพราะอ่อนโยน/ไม่แพ้/กลิ่นดี
LGBTQ+,55 ปีขึ้นไป,กทม. & ปริมณฑล,"แชมพูปิดผมขาว (ฉีก เท สระ เหมือนสระผม), ครีมเปลี่ยนสีผมแบบต้องผสม (ในถ้วย/ขวด), แบบซองครีม (ไม่ต้องผสม บีบแล้วลูบลงผมได้เลย)",เคยใช้แชมพูปิดผมขาว,ไปงาน,หน้าเด็ก,หน้าเด็กมากกก,"ปิดผมหงอกเนียนสนิท, รวดเร็ว ใช้เวลาน้อยในการทำ, ได้สีผมเป็นธรรมชาติ, ไม่แสบหนังศีรษะ, กลิ่นไม่ฉุน, ใช้งานง่าย ไม่ต้องผสม, สีไม่หลุดง่าย, ราคาดี / คุ้มค่า, หาซื้อง่าย / มีขายใกล้บ้าน",วันธรรมดาที่รู้สึกไม่มั่นใจในผมหงอก,ผมหงอกหน้าเหมือนคนป่วย,HerbaSure,ติดนาน ครัมเหนียวไม่ไหลย้อย,ติดหนังหัว,"ร้านสะดวกซื้อ (เช่น 7-11, CJ More, Big C Mini)","ร้านสะดวกซื้อ (เช่น 7-11, CJ More, Big C Mini)",1,"ปัญหาอื่น ๆ (ราคา, แพ็คเกจ, เลอะเทอะ, ใช้งานยาก)",เลือกเพราะสีติดทน/สีสวย
ชาย,55 ปีขึ้นไป,ภาคอีสาน,แชมพูปิดผมขาว (ฉีก เท สระ เหมือนสระผม),เคยใช้แชมพูปิดผมขาว,เห็นผมขาว,มั่นใจขึ้น,ไม่มีผมขาวเลย,"ปิดผมหงอกเนียนสนิท, รวดเร็ว ใช้เวลาน้อยในการทำ, มีเฉดสีให้เลือกเยอะ, ไม่แสบหนังศีรษะ, ใช้งานง่าย ไม่ต้องผสม, สีไม่หลุดง่าย",เห็นผมขาวมีมากก็ต้องทำ,ต้องการความมั่นใจ,HerbaSure,"ใช้งานง่าย, กลิ่นไอ, ไม่แสบหนังศีรษะ",พอใจแล้ว,"ร้านสะดวกซื้อ (เช่น 7-11, CJ More, Big C Mini)","ร้านสะดวกซื้อ (เช่น 7-11, CJ More, Big C Mini)",1,"ปัญหาอื่น ๆ (ราคา, แพ็คเกจ, เลอะเทอะ, ใช้งานยาก)",เลือกเพราะอ่อนโยน/ไม่แพ้/กลิ่นดี
หญิง,55 ปีขึ้นไป,กทม. & ปริมณฑล,"แชมพูปิดผมขาว (ฉีก เท สระ เหมือนสระผม), ครีมเปลี่ยนสีผมแบบต้องผสม (ในถ้วย/ขวด), แบบซองครีม (ไม่ต้องผสม บีบแล้วลูบลงผมได้เลย)",เคยใช้แชมพูปิดผมขาว,เห็นผมขาว,รู้สึกตัวเองมั่นใจขึ้น,ยังดูดีเหมือนเดิมนะ,"รวดเร็ว ใช้เวลาน้อยในการทำ, มีเฉดสีให้เลือกเยอะ, ไม่แสบหนังศีรษะ, ใช้งานง่าย ไม่ต้องผสม, สีไม่หลุดง่าย","ก่อนออกงานสังคม เช่น งานแต่งงาน, งานบวช, ถ่ายรูปติดบัตร เช่น บัตรประชาชน/ใบขับขี่/พาสปอร์ต, ก่อนเจอเพื่อนเก่า เช่น งานรวมรุ่น, ช่วงเทศกาล เช่น ปีใหม่ สงกรานต์",เพื่อความมั่นใจ และดูดีสมวัย,HerbaSure,หาชซื้อง่าย,อยากได้กลิ่นที่หอมเมือนดอกไม้,"ซูเปอร์มาร์เก็ต / ห้างใหญ่ (เช่น Big C, Lotus, Tops), ร้านสะดวกซื้อ (เช่น 7-11, CJ More, Big C Mini)","ซูเปอร์มาร์เก็ต / ห้างใหญ่ (เช่น Big C, Lotus, Tops)",0,"ปัญหาอื่น ๆ (ราคา, แพ็คเกจ, เลอะเทอะ, ใช้งานยาก)",เลือกเพราะใช้ง่าย/สะดวกรวดเร็ว
หญิง,55 ปีขึ้นไป,กทม. & ปริมณฑล,แชมพูปิดผมขาว (ฉีก เท สระ เหมือนสระผม),เคยใช้แชมพูปิดผมขาว,เห็นผมขาว,ดีคะ,มี,"รวดเร็ว ใช้เวลาน้อยในการทำ, ได้สีผมเป็นธรรมชาติ, สีไม่หลุดง่าย, หาซื้อง่าย / มีขายใกล้บ้าน","ก่อนออกงานสังคม เช่น งานแต่งงาน, งานบวช",ติดต่อบุคคลอื่น,Phumflora,ใช้ง่าย,ติดทนนาน ไม่เป็นอันตราย,"ร้านสะดวกซื้อ (เช่น 7-11, CJ More, Big C Mini)","ร้านสะดวกซื้อ (เช่น 7-11, CJ More, Big C Mini)",0,"ปัญหาอื่น ๆ (ราคา, แพ็คเกจ, เลอะเทอะ, ใช้งานยาก)",เลือกเพราะใช้ง่าย/สะดวกรวดเร็ว
หญิง,55 ปีขึ้นไป,กทม. & ปริมณฑล,ครีมเปลี่ยนสีผมแบบต้องผสม (ในถ้วย/ขวด),เคยใช้แชมพูปิดผมขาว,เห็นผมขาว,มั่นใจมากขึ้น,ดูหน้าเด็ก,"ปิดผมหงอกเนียนสนิท, รวดเร็ว ใช้เวลาน้อยในการทำ, ได้สีผมเป็นธรรมชาติ, กลิ่นไม่ฉุน, สีไม่หลุดง่าย, ราคาดี / คุ้มค่า, หาซื้อง่าย / มีขายใกล้บ้าน",เห็นผมขาว,ยังทำงานอยู่,FLOREVIA,ใช้ง่าย ราคาดี,ติดทนนาน,"ซูเปอร์มาร์เก็ต / ห้างใหญ่ (เช่น Big C, Lotus, Tops)","ซูเปอร์มาร์เก็ต / ห้างใหญ่ (เช่น Big C, Lotus, Tops)",1,"ปัญหาอื่น ๆ (ราคา, แพ็คเกจ, เลอะเทอะ, ใช้งานยาก)",เลือกเพราะใช้ง่าย/สะดวกรวดเร็ว
หญิง,55 ปีขึ้นไป,กทม. & ปริมณฑล,"แชมพูปิดผมขาว (ฉีก เท สระ เหมือนสระผม), ครีมเปลี่ยนสีผมแบบต้องผสม (ในถ้วย/ขวด)",เคยใช้แชมพูปิดผมขาว,ต้องไปงาน,มั่นใจ,ชมว่าดูสาว,"ปิดผมหงอกเนียนสนิท, รวดเร็ว ใช้เวลาน้อยในการทำ, สีไม่หลุดง่าย","ก่อนออกงานสังคม เช่น งานแต่งงาน, งานบวช, ก่อนเจอเพื่อนเก่า เช่น งานรวมรุ่น, วันธรรมดาที่รู้สึกไม่มั่นใจในผมหงอก",เพื่อให้ดูดี ไม่แก่,Reviane,สีสวย ติดทน,ไม่มี,"ร้านขายยาหรือร้านบิวตี้ (เช่น Boots, Watsons)","ร้านขายยาหรือร้านบิวตี้ (เช่น Boots, Watsons)",0,ไม่มีปัญหา / ไม่ระบุ,เลือกเพราะสีติดทน/สีสวย
ชาย,55 ปีขึ้นไป,ภาคใต้,"แชมพูปิดผมขาว (ฉีก เท สระ เหมือนสระผม), ครีมเปลี่ยนสีผมแบบต้องผสม (ในถ้วย/ขวด), แบบซองครีม (ไม่ต้องผสม บีบแล้วลูบลงผมได้เลย)",เคยใช้แชมพูปิดผมขาว,ผมขาวมาก,ดูดี,หงอกไม่มี,"ไม่แสบหนังศีรษะ, ใช้งานง่าย ไม่ต้องผสม, หาซื้อง่าย / มีขายใกล้บ้าน","ก่อนออกงานสังคม เช่น งานแต่งงาน, งานบวช, ก่อนงานสำคัญ เช่น ประชุมใหญ่บริษัท, พรีเซนต์งาน",ดูไม่สูงวัย,Kronwald,ใช้ง่าย,สีติดนาน,"ซูเปอร์มาร์เก็ต / ห้างใหญ่ (เช่น Big C, Lotus, Tops), ร้านสะดวกซื้อ (เช่น 7-11, CJ More, Big C Mini), ร้านขายยาหรือร้านบิวตี้ (เช่น Boots, Watsons)","ร้านขายยาหรือร้านบิวตี้ (เช่น Boots, Watsons)",0,"ปัญหาอื่น ๆ (ราคา, แพ็คเกจ, เลอะเทอะ, ใช้งานยาก)",เลือกเพราะใช้ง่าย/สะดวกรวดเร็ว
หญิง,55 ปีขึ้นไป,กทม. & ปริมณฑล,"แชมพูปิดผมขาว (ฉีก เท สระ เหมือนสระผม), ครีมเปลี่ยนสีผมแบบต้องผสม (ในถ้วย/ขวด)",เคยใช้แชมพูปิดผมขาว,ต้องไปงาน,มั่นใจขึ้น ดูเด็กลง,สีผมสวยจัง,"ปิดผมหงอกเนียนสนิท, รวดเร็ว ใช้เวลาน้อยในการทำ, มีเฉดสีให้เลือกเยอะ, ไม่แสบหนังศีรษะ, กลิ่นไม่ฉุน, ใช้งานง่าย ไม่ต้องผสม, มีสารบำรุง, สีไม่หลุดง่าย, ราคาดี / คุ้มค่า, หาซื้อง่าย / มีขายใกล้บ้าน","ก่อนออกงานสังคม เช่น งานแต่งงาน, งานบวช, ก่อนเจอเพื่อนเก่า เช่น งานรวมรุ่น",ความมั่นใจ,แล้วแต่ว่าช่วงนั้นยี่ห้อไหนมีโปรโมชั่น,ราคาดี โปรดี,เวลาสระแล้วเช็ดผม ผ้าเช็ดผมจะมีสีติดมาด้วย ทั้งๆที่ล้างผมสะอาดแล้ว ไม่ชอบเลย ทำให้ผ้าดูสกปรก,ร้านที่ขายผลิตภัณธ์เกี่ยวกับผมที่อยู่ใกล้บ้าน,ร้านใกล้บ้าน,1,"ปัญหาอื่น ๆ (ราคา, แพ็คเกจ, เลอะเทอะ, ใช้งานยาก)",เลือกเพราะราคา/ความคุ้มค่า
หญิง,55 ปีขึ้นไป,กทม. & ปริมณฑล,ครีมเปลี่ยนสีผมแบบต้องผสม (ในถ้วย/ขวด),เคยใช้แชมพูปิดผมขาว,ต้องไปงาน,มั่นใจขึ้น,สีผมสวยจัง,"ปิดผมหงอกเนียนสนิท, รวดเร็ว ใช้เวลาน้อยในการทำ, ได้สีผมเป็นธรรมชาติ, ไม่แสบหนังศีรษะ, กลิ่นไม่ฉุน, มีสารบำรุง, สีไม่หลุดง่าย, หาซื้อง่าย / มีขายใกล้บ้าน","ก่อนออกงานสังคม เช่น งานแต่งงาน, งานบวช, ถ่ายรูปติดบัตร เช่น บัตรประชาชน/ใบขับขี่/พาสปอร์ต, ก่อนเจอเพื่อนเก่า เช่น งานรวมรุ่น, ช่วงเทศกาล เช่น ปีใหม่ สงกรานต์",เพิ่มความมั่นใจ,Phumflora,กลิ่นไม่ฉุนทำจากธรรมชาติ,ใช้แบรนด์นี้เป็นประจำ,"ร้านสะดวกซื้อ (เช่น 7-11, CJ More, Big C Mini)","ร้านสะดวกซื้อ (เช่น 7-11, CJ More, Big C Mini)",1,"ปัญหาอื่น ๆ (ราคา, แพ็คเกจ, เลอะเทอะ, ใช้งานยาก)",เลือกเพราะอ่อนโยน/ไม่แพ้/กลิ่นดี
หญิง,55 ปีขึ้นไป,ภาคอีสาน,"แชมพูปิดผมขาว (ฉีก เท สระ เหมือนสระผม), ครีมเปลี่ยนสีผมแบบต้องผสม (ในถ้วย/ขวด)",เคยใช้แชมพูปิดผมขาว,มีผมหงอกเพิ่มขึ้น,รู้สึกหน้าเด็กสดใสขึ้น,สีผมสวยจัง,"ปิดผมหงอกเนียนสนิท, มีเฉดสีให้เลือกเยอะ, ไม่แสบหนังศีรษะ, กลิ่นไม่ฉุน, ใช้งานง่าย ไม่ต้องผสม, สีไม่หลุดง่าย","ก่อนออกงานสังคม เช่น งานแต่งงาน, งานบวช, ก่อนงานสำคัญ เช่น ประชุมใหญ่บริษัท, พรีเซนต์งาน, ก่อนเจอเพื่อนเก่า เช่น งานรวมรุ่น, วันธรรมดาที่รู้สึกไม่มั่นใจในผมหงอก",เพิ่มความมั่นใจให้ดูว่ายังอ่อนเยาว์,DeeAsh,ใช้ง่ายกินไม่ฉุนมีเฉดสีให้เลือก,ไม่แสบระคายเคืองหนังศีรษะ,"ซูเปอร์มาร์เก็ต / ห้างใหญ่ (เช่น Big C, Lotus, Tops), ร้านสะดวกซื้อ (เช่น 7-11, CJ More, Big C Mini)","ร้านสะดวกซื้อ (เช่น 7-11, CJ More, Big C Mini)",1,มีปัญหาเรื่องกลิ่น/แสบคัน/ผมเสีย,เลือกเพราะสีติดทน/สีสวย
ชาย,55 ปีขึ้นไป,ภาคเหนือ,แชมพูปิดผมขาว (ฉีก เท สระ เหมือนสระผม),เคยใช้แชมพูปิดผมขาว,ต้องทำงานทุกวัน,หน้าเด็กลง,ดูหล่อ,"ได้สีผมเป็นธรรมชาติ, สีไม่หลุดง่าย, ราคาดี / คุ้มค่า, หาซื้อง่าย / มีขายใกล้บ้าน",ช่วงเทศกาล เช่น ปีใหม่ สงกรานต์,เพิ่มความมั่นใจ,HerbaSure,ใช้ง่าย ดี ราคาถูก,ปิดผมขาวได้นานมากกว่านี้,"ซูเปอร์มาร์เก็ต / ห้างใหญ่ (เช่น Big C, Lotus, Tops)","ร้านสะดวกซื้อ (เช่น 7-11, CJ More, Big C Mini)",0,"ปัญหาอื่น ๆ (ราคา, แพ็คเกจ, เลอะเทอะ, ใช้งานยาก)",เลือกเพราะใช้ง่าย/สะดวกรวดเร็ว
หญิง,55 ปีขึ้นไป,กทม. & ปริมณฑล,ครีมเปลี่ยนสีผมแบบต้องผสม (ในถ้วย/ขวด),เคยใช้แชมพูปิดผมขาว,เห็นผมขาว,มั่นใจขึ้น,ผมสวย,"ได้สีผมเป็นธรรมชาติ, ไม่แสบหนังศีรษะ, มีสารบำรุง, สีไม่หลุดง่าย, ราคาดี / คุ้มค่า","ก่อนออกงานสังคม เช่น งานแต่งงาน, งานบวช, ก่อนเจอเพื่อนเก่า เช่น งานรวมรุ่น, วันธรรมดาที่รู้สึกไม่มั่นใจในผมหงอก",ให้ดูดี ไม่แก่,Lyora,ใช้ง่าย กลิ่นไม่ฉุน,ไม่มี เพราะว่าจะเปลี่ยนไปใช้ให้หลากหลายยี่ห้อ,"ซูเปอร์มาร์เก็ต / ห้างใหญ่ (เช่น Big C, Lotus, Tops), ออนไลน์ (Shopee, Lazada, TikTok shop ฯลฯ)","ซูเปอร์มาร์เก็ต / ห้างใหญ่ (เช่น Big C, Lotus, Tops)",0,"ปัญหาอื่น ๆ (ราคา, แพ็คเกจ, เลอะเทอะ, ใช้งานยาก)",เลือกเพราะอ่อนโยน/ไม่แพ้/กลิ่นดี
หญิง,55 ปีขึ้นไป,ภาคอีสาน,"แชมพูปิดผมขาว (ฉีก เท สระ เหมือนสระผม), ครีมเปลี่ยนสีผมแบบต้องผสม (ในถ้วย/ขวด)",เคยใช้แชมพูปิดผมขาว,เห็นผมขาว,มั่นใจขึ้น,ดูดีขึ้นไม่เหมือนคนแก่,"ปิดผมหงอกเนียนสนิท, ได้สีผมเป็นธรรมชาติ, ไม่แสบหนังศีรษะ, กลิ่นไม่ฉุน, มีสารบำรุง, สีไม่หลุดง่าย, ราคาดี / คุ้มค่า, หาซื้อง่าย / มีขายใกล้บ้าน","ก่อนออกงานสังคม เช่น งานแต่งงาน, งานบวช, ก่อนเจอเพื่อนเก่า เช่น งานรวมรุ่น, ช่วงเทศกาล เช่น ปีใหม่ สงกรานต์, วันธรรมดาที่รู้สึกไม่มั่นใจในผมหงอก",ดูดีขึ้น ไม่เหมือนคนแก่,HerbaSure,ใช้ง่าย ราคาดี,กลิ่นไม่ฉุน,"ซูเปอร์มาร์เก็ต / ห้างใหญ่ (เช่น Big C, Lotus, Tops), ร้านค้าทั่วไปใกล้บ้าน (เช่น ร้านโชห่วย, ร้านของชำ), ร้านขายยาหรือร้านบิวตี้ (เช่น Boots, Watsons)","ร้านขายยาหรือร้านบิวตี้ (เช่น Boots, Watsons)",1,มีปัญหาเรื่องกลิ่น/แสบคัน/ผมเสีย,เลือกเพราะใช้ง่าย/สะดวกรวดเร็ว
หญิง,55 ปีขึ้นไป,ภาคอีสาน,แชมพูปิดผมขาว (ฉีก เท สระ เหมือนสระผม),เคยใช้แชมพูปิดผมขาว,เห็นผมขาว,มั่นใจขึ้น,สีผมสวย,"ปิดผมหงอกเนียนสนิท, รวดเร็ว ใช้เวลาน้อยในการทำ, ได้สีผมเป็นธรรมชาติ, ไม่แสบหนังศีรษะ, กลิ่นไม่ฉุน, ใช้งานง่าย ไม่ต้องผสม, มีสารบำรุง, สีไม่หลุดง่าย, หาซื้อง่าย / มีขายใกล้บ้าน","ก่อนออกงานสังคม เช่น งานแต่งงาน, งานบวช, วันธรรมดาที่รู้สึกไม่มั่นใจในผมหงอก",เพื่อความมั่นใจ,Lyora,ใช้ง่าย กลิ่นไม่ฉุน ติดทนนาน,ให้มีรูปแบบขวดพร้อมสระ,"ซูเปอร์มาร์เก็ต / ห้างใหญ่ (เช่น Big C, Lotus, Tops), ร้านสะดวกซื้อ (เช่น 7-11, CJ More, Big C Mini)","ร้านสะดวกซื้อ (เช่น 7-11, CJ More, Big C Mini)",1,"ปัญหาอื่น ๆ (ราคา, แพ็คเกจ, เลอะเทอะ, ใช้งานยาก)",เลือกเพราะอ่อนโยน/ไม่แพ้/กลิ่นดี
ชาย,55 ปีขึ้นไป,ภาคเหนือ,แชมพูปิดผมขาว (ฉีก เท สระ เหมือนสระผม),เคยใช้แชมพูปิดผมขาว,ต้องออกงานบ่อยๆ,หน้าอ่อนเยาว์ลง,คนรอบข้าง,"ปิดผมหงอกเนียนสนิท, รวดเร็ว ใช้เวลาน้อยในการทำ, ได้สีผมเป็นธรรมชาติ, ไม่แสบหนังศีรษะ, กลิ่นไม่ฉุน, ใช้งานง่าย ไม่ต้องผสม, มีสารบำรุง, หาซื้อง่าย / มีขายใกล้บ้าน",วันธรรมดาที่รู้สึกไม่มั่นใจในผมหงอก,ให้ดีขึ้น,Kronwald,เน้นสารธรรมชาติ มีคุณภาพสูง ไม่มีสารทำร้ายหนังศีรษะ,ไม่ต้องผสม และควรสระติดง่ายใช้เวลาน้อย,"ร้านสะดวกซื้อ (เช่น 7-11, CJ More, Big C Mini)","ร้านสะดวกซื้อ (เช่น 7-11, CJ More, Big C Mini)",1,"ปัญหาอื่น ๆ (ราคา, แพ็คเกจ, เลอะเทอะ, ใช้งานยาก)",เลือกเพราะอ่อนโยน/ไม่แพ้/กลิ่นดี
หญิง,55 ปีขึ้นไป,กทม. & ปริมณฑล,"แชมพูปิดผมขาว (ฉีก เท สระ เหมือนสระผม), ครีมเปลี่ยนสีผมแบบต้องผสม (ในถ้วย/ขวด)",เคยใช้แชมพูปิดผมขาว,เห็นผมขาว,มั่นใจขึ้น,ดูเด็กลงนะ,"ปิดผมหงอกเนียนสนิท, ได้สีผมเป็นธรรมชาติ, กลิ่นไม่ฉุน, สีไม่หลุดง่าย, ราคาดี / คุ้มค่า, หาซื้อง่าย / มีขายใกล้บ้าน","ก่อนออกงานสังคม เช่น งานแต่งงาน, งานบวช, ก่อนงานสำคัญ เช่น ประชุมใหญ่บริษัท, พรีเซนต์งาน, ก่อนเจอเพื่อนเก่า เช่น งานรวมรุ่น, ช่วงเทศกาล เช่น ปีใหม่ สงกรานต์, วันธรรมดาที่รู้สึกไม่มั่นใจในผมหงอก",เพื่อให้ดูดีผมไม่ด่าง ๆ ดำ ๆ,HerbaSure,ราคาไม่แพง ใช้ง่าย กลิ่นไม่ฉุน,ไม่มี เหมาะสมกับราคาแล้ว,"ร้านสะดวกซื้อ (เช่น 7-11, CJ More, Big C Mini), ร้านขายยาหรือร้านบิวตี้ (เช่น Boots, Watsons)","ร้านค้าทั่วไปใกล้บ้าน (เช่น ร้านโชห่วย, ร้านของชำ)",1,"ปัญหาอื่น ๆ (ราคา, แพ็คเกจ, เลอะเทอะ, ใช้งานยาก)",เลือกเพราะอ่อนโยน/ไม่แพ้/กลิ่นดี
ชาย,55 ปีขึ้นไป,กทม. & ปริมณฑล,ครีมเปลี่ยนสีผมแบบต้องผสม (ในถ้วย/ขวด),เคยใช้แชมพูปิดผมขาว,ต้องไปงาน,กลับมาอีกครั้ง,หล่อ,"รวดเร็ว ใช้เวลาน้อยในการทำ, ได้สีผมเป็นธรรมชาติ, มีสารบำรุง, ราคาดี / คุ้มค่า","ก่อนออกงานสังคม เช่น งานแต่งงาน, งานบวช, ก่อนงานสำคัญ เช่น ประชุมใหญ่บริษัท, พรีเซนต์งาน, ถ่ายรูปติดบัตร เช่น บัตรประชาชน/ใบขับขี่/พาสปอร์ต, ก่อนเจอเพื่อนเก่า เช่น งานรวมรุ่น, ช่วงเทศกาล เช่น ปีใหม่ สงกรานต์,",ไม่แก่,HerbaSure,ใช้ง่าย,ไม่ระบุ,"ร้านสะดวกซื้อ (เช่น 7-11, CJ More, Big C Mini)","ร้านสะดวกซื้อ (เช่น 7-11, CJ More, Big C Mini)",0,ไม่มีปัญหา / ไม่ระบุ,เลือกเพราะใช้ง่าย/สะดวกรวดเร็ว
หญิง,55 ปีขึ้นไป,ภาคอีสาน,"แชมพูปิดผมขาว (ฉีก เท สระ เหมือนสระผม), ครีมเปลี่ยนสีผมแบบต้องผสม (ในถ้วย/ขวด)",เคยใช้แชมพูปิดผมขาว,โคนผมขาว,รู้สึกมั่นใจเวลาไปพบปะผู้คน,ผมเยอะ ผมหนา ดูเด็กลง,"ปิดผมหงอกเนียนสนิท, รวดเร็ว ใช้เวลาน้อยในการทำ, ได้สีผมเป็นธรรมชาติ, ไม่แสบหนังศีรษะ, กลิ่นไม่ฉุน, ใช้งานง่าย ไม่ต้องผสม, มีสารบำรุง, สีไม่หลุดง่าย, ราคาดี / คุ้มค่า, หาซื้อง่าย / มีขายใกล้บ้าน, ไม่ทำให้ผมเสีย(ในระยะสี้นและยาว)","ก่อนออกงานสังคม เช่น งานแต่งงาน, งานบวช, ก่อนงานสำคัญ เช่น ประชุมใหญ่บริษัท, พรีเซนต์งาน, ก่อนเจอเพื่อนเก่า เช่น งานรวมรุ่น",อยากดูดี,Phumflora,ใช้ง่าย ติดผมแต่ไม่ติดผิวหนัง กลิ่นอ่อนๆ ราคาไม่แพง,สีมักจะติดไม่ยาวนาน ต้องทำซ้ำก็ห่วงสุขภาพศรีษะและผมเพราะส่วนผามมีสารเคมี,"ซูเปอร์มาร์เก็ต / ห้างใหญ่ (เช่น Big C, Lotus, Tops), ร้านค้าทั่วไปใกล้บ้าน (เช่น ร้านโชห่วย, ร้านของชำ), ร้านสะดวกซื้อ (เช่น 7-11, CJ More, Big C Mini)","ร้านค้าทั่วไปใกล้บ้าน (เช่น ร้านโชห่วย, ร้านของชำ)",1,มีปัญหาเรื่องกลิ่น/แสบคัน/ผมเสีย,เลือกเพราะใช้ง่าย/สะดวกรวดเร็ว
หญิง,55 ปีขึ้นไป,ภาคอีสาน,แชมพูปิดผมขาว (ฉีก เท สระ เหมือนสระผม),เคยใช้แชมพูปิดผมขาว,เห็นผมเริ่มขาว และต้องไปงาน,ดูดีและมั่นใจมากขึ้น,ดูดีนะ,"ปิดผมหงอกเนียนสนิท, รวดเร็ว ใช้เวลาน้อยในการทำ, ได้สีผมเป็นธรรมชาติ, ไม่แสบหนังศีรษะ, กลิ่นไม่ฉุน, ใช้งานง่าย ไม่ต้องผสม, มีสารบำรุง, สีไม่หลุดง่าย","ก่อนออกงานสังคม เช่น งานแต่งงาน, งานบวช, ก่อนเจอเพื่อนเก่า เช่น งานรวมรุ่น, วันธรรมดาที่รู้สึกไม่มั่นใจในผมหงอก",ทำให้มั่นใจ,Aromkesha,ออร์แกนิค&ติดนาน,ราคาสูงหน่อย,"ออนไลน์ (Shopee, Lazada, TikTok shop ฯลฯ)","ออนไลน์ (Shopee, Lazada, TikTok shop ฯลฯ)",1,"ปัญหาอื่น ๆ (ราคา, แพ็คเกจ, เลอะเทอะ, ใช้งานยาก)",เลือกเพราะอ่อนโยน/ไม่แพ้/กลิ่นดี
ชาย,55 ปีขึ้นไป,กทม. & ปริมณฑล,"แชมพูปิดผมขาว (ฉีก เท สระ เหมือนสระผม), ครีมเปลี่ยนสีผมแบบต้องผสม (ในถ้วย/ขวด), แบบซองครีม (ไม่ต้องผสม บีบแล้วลูบลงผมได้เลย)",เคยใช้แชมพูปิดผมขาว,มีคนทักและอยากหล่อครับ,กระหยิ่มยิ้มย่องเหมือนตัวเองสุดหล่อกลับมาอีกครั้ง,สุดหล่อสุดเท่ห์และเหมือนหนุ่มๆเลย,"ปิดผมหงอกเนียนสนิท, รวดเร็ว ใช้เวลาน้อยในการทำ, ได้สีผมเป็นธรรมชาติ, มีเฉดสีให้เลือกเยอะ, ไม่แสบหนังศีรษะ, กลิ่นไม่ฉุน, ใช้งานง่าย ไม่ต้องผสม, มีสารบำรุง, สีไม่หลุดง่าย, ราคาดี / คุ้มค่า, หาซื้อง่าย / มีขายใกล้บ้าน","ก่อนออกงานสังคม เช่น งานแต่งงาน, งานบวช, ก่อนงานสำคัญ เช่น ประชุมใหญ่บริษัท, พรีเซนต์งาน, ก่อนเจอเพื่อนเก่า เช่น งานรวมรุ่น, ช่วงเทศกาล เช่น ปีใหม่ สงกรานต์, วันธรรมดาที่รู้สึกไม่มั่นใจในผมหงอก",อยากให้ตัวเองดูดีในทุกๆโมเม้นนั้น,Kronwald,ใช้ง่ายราคาไม่แพงและไม่กัดหนังศีรษะ,ราคาถูกมากกว่านี้หรือโปรโมชั่นดีๆ 1 แถม 1,"ซูเปอร์มาร์เก็ต / ห้างใหญ่ (เช่น Big C, Lotus, Tops), ร้านค้าทั่วไปใกล้บ้าน (เช่น ร้านโชห่วย, ร้านของชำ), ร้านสะดวกซื้อ (เช่น 7-11, CJ More, Big C Mini), ร้านขายยาหรือร้านบิวตี้ (เช่น Boots, Watsons), ออนไลน์ (Shopee, Lazada, TikTok shop ฯลฯ)","ออนไลน์ (Shopee, Lazada, TikTok shop ฯลฯ)",1,"ปัญหาอื่น ๆ (ราคา, แพ็คเกจ, เลอะเทอะ, ใช้งานยาก)",เลือกเพราะใช้ง่าย/สะดวกรวดเร็ว
หญิง,55 ปีขึ้นไป,ภาคอีสาน,แชมพูปิดผมขาว (ฉีก เท สระ เหมือนสระผม),เคยใช้แชมพูปิดผมขาว,มีผมขาวขึ้นบนศรีษะตามวัย,มีความมั่นใจเมื่อออกนอกบ้านค่ะ,สีผมสวยเป็นธรรมชาติตามวัย,"ปิดผมหงอกเนียนสนิท, รวดเร็ว ใช้เวลาน้อยในการทำ, ได้สีผมเป็นธรรมชาติ, มีเฉดสีให้เลือกเยอะ, ไม่แสบหนังศีรษะ, กลิ่นไม่ฉุน, ใช้งานง่าย ไม่ต้องผสม, มีสารบำรุง, สีไม่หลุดง่าย, ราคาดี / คุ้มค่า, หาซื้อง่าย / มีขายใกล้บ้าน","ก่อนออกงานสังคม เช่น งานแต่งงาน, งานบวช, ก่อนเจอเพื่อนเก่า เช่น งานรวมรุ่น, วันธรรมดาที่รู้สึกไม่มั่นใจในผมหงอก",เพิ่มความมั่นใจ/สังคม,Phumflora,เชื่อว่าเป็นแชมพูสมุนไพร กลิ่นไม่ฉุน หาซื้อง่าย สีถูกใจ ไม่เลอะ,อยากให้มีสมุนไพรที่รักษาสุขภาพผมไม่เป็นอันตรายจริงๆเพื่อความปลอดภัยค่ะ,"ร้านสะดวกซื้อ (เช่น 7-11, CJ More, Big C Mini)","ร้านสะดวกซื้อ (เช่น 7-11, CJ More, Big C Mini)",1,"ปัญหาอื่น ๆ (ราคา, แพ็คเกจ, เลอะเทอะ, ใช้งานยาก)",เลือกเพราะอ่อนโยน/ไม่แพ้/กลิ่นดี
หญิง,55 ปีขึ้นไป,ภาคอีสาน,"แชมพูปิดผมขาว (ฉีก เท สระ เหมือนสระผม), ครีมเปลี่ยนสีผมแบบต้องผสม (ในถ้วย/ขวด), แบบซองครีม (ไม่ต้องผสม บีบแล้วลูบลงผมได้เลย)",เคยใช้แชมพูปิดผมขาว,มีคนทักและต้องการสวยเมื่อเวลาออกงาน,ภูมิใจเมื่อตัวเองกลับมาเป็นหน้าเด็กมากยิ่งขึ้น และดูเหมือนสาวๆอีกครั้ง,แต่ดูเหมือนสาว 2000 ปีตลอดเวลาหน้าสดใสปิ๊งดูเหมือนสาวน้อยๆร่าเริงสดใส,"ปิดผมหงอกเนียนสนิท, รวดเร็ว ใช้เวลาน้อยในการทำ, ได้สีผมเป็นธรรมชาติ, มีเฉดสีให้เลือกเยอะ, ไม่แสบหนังศีรษะ, กลิ่นไม่ฉุน, ใช้งานง่าย ไม่ต้องผสม, มีสารบำรุง, สีไม่หลุดง่าย, ราคาดี / คุ้มค่า, หาซื้อง่าย / มีขายใกล้บ้าน","ก่อนออกงานสังคม เช่น งานแต่งงาน, งานบวช, ก่อนงานสำคัญ เช่น ประชุมใหญ่บริษัท, พรีเซนต์งาน, ถ่ายรูปติดบัตร เช่น บัตรประชาชน/ใบขับขี่/พาสปอร์ต, ก่อนเจอเพื่อนเก่า เช่น งานรวมรุ่น, ช่วงเทศกาล เช่น ปีใหม่ สงกรานต์, วันธรรมดาที่รู้สึกไม่มั่นใจในผมหงอก",ต้องการให้ตัวเองดูดีที่สุดและถ่ายรูปออกมาแล้วประทับใจมากที่สุด,DeeAsh,ราคาดี ย้อมแล้วติดสีนาน สดใสใกล้เคียงธรรมชาติ,ราคาย่อมเยากว่านี้และมีโปรโมชั่นลดครึ่งราคา 50%,"ซูเปอร์มาร์เก็ต / ห้างใหญ่ (เช่น Big C, Lotus, Tops), ร้านค้าทั่วไปใกล้บ้าน (เช่น ร้านโชห่วย, ร้านของชำ), ร้านสะดวกซื้อ (เช่น 7-11, CJ More, Big C Mini), ร้านขายยาหรือร้านบิวตี้ (เช่น Boots, Watsons), ออนไลน์ (Shopee, Lazada, TikTok shop ฯลฯ)","ซูเปอร์มาร์เก็ต / ห้างใหญ่ (เช่น Big C, Lotus, Tops)",1,"ปัญหาอื่น ๆ (ราคา, แพ็คเกจ, เลอะเทอะ, ใช้งานยาก)",เลือกเพราะอ่อนโยน/ไม่แพ้/กลิ่นดี
หญิง,55 ปีขึ้นไป,กทม. & ปริมณฑล,"แชมพูปิดผมขาว (ฉีก เท สระ เหมือนสระผม), ครีมเปลี่ยนสีผมแบบต้องผสม (ในถ้วย/ขวด), แบบซองครีม (ไม่ต้องผสม บีบแล้วลูบลงผมได้เลย)",เคยใช้แชมพูปิดผมขาว,เห็นผมขาว,มั่นใจขึ้น,ดูเด็กขึ้น สวยขึ้น,"ปิดผมหงอกเนียนสนิท, รวดเร็ว ใช้เวลาน้อยในการทำ, ได้สีผมเป็นธรรมชาติ, มีเฉดสีให้เลือกเยอะ, ไม่แสบหนังศีรษะ, กลิ่นไม่ฉุน, ใช้งานง่าย ไม่ต้องผสม, มีสารบำรุง, สีไม่หลุดง่าย, ราคาดี / คุ้มค่า, หาซื้อง่าย / มีขายใกล้บ้าน",วันธรรมดาที่รู้สึกไม่มั่นใจในผมหงอก,เพื่อความมั่นใจ,Aromkesha,ใช้ง่าย กลิ่นไม่ฉุน,ไม่ระบุ,"ออนไลน์ (Shopee, Lazada, TikTok shop ฯลฯ)","ออนไลน์ (Shopee, Lazada, TikTok shop ฯลฯ)",1,ไม่มีปัญหา / ไม่ระบุ,เลือกเพราะอ่อนโยน/ไม่แพ้/กลิ่นดี
หญิง,55 ปีขึ้นไป,ภาคอีสาน,ครีมเปลี่ยนสีผมแบบต้องผสม (ในถ้วย/ขวด),เคยใช้แชมพูปิดผมขาว,อยากลองใช้,ปิดผมขาวได้ แต่จริงๆแล้วการใช้งานไม่สะดวกเท่าที่มีการโฆษณา,ปิดผมขววได้จริง และผมยังอ่อนนุ่ม ไม่เสีย,ปิดผมหงอกเนียนสนิท,ย้อมผมหงอกเป็นปกติ เพราะมีกิจกรรมต้องไปทำตลอด,ไม่ระบุ,ตอนนี้ไม่ใช้แล้ว เพราะเลอะ,ไม่ระบุ,ไม่ระบุ,เคยซื้อจาก 7-11 ใช้แค่ 2ครั้ง ไม่สะดวก ตอนนี้เลิกใช้แล้ว,ไม่ระบุ,0,ไม่มีปัญหา / ไม่ระบุ,ไม่ระบุ
หญิง,55 ปีขึ้นไป,ภาคอีสาน,"แชมพูปิดผมขาว (ฉีก เท สระ เหมือนสระผม), ครีมเปลี่ยนสีผมแบบต้องผสม (ในถ้วย/ขวด), แบบซองครีม (ไม่ต้องผสม บีบแล้วลูบลงผมได้เลย)",เคยใช้แชมพูปิดผมขาว,เห็นผมขาว,มั่นใจขึ้น,ผมสวยสลวยดี,"ปิดผมหงอกเนียนสนิท, รวดเร็ว ใช้เวลาน้อยในการทำ, ได้สีผมเป็นธรรมชาติ, มีเฉดสีให้เลือกเยอะ, ไม่แสบหนังศีรษะ, กลิ่นไม่ฉุน, ใช้งานง่าย ไม่ต้องผสม, มีสารบำรุง, สีไม่หลุดง่าย, ราคาดี / คุ้มค่า, หาซื้อง่าย / มีขายใกล้บ้าน",วันธรรมดาที่รู้สึกไม่มั่นใจในผมหงอก,เพื่อความมั่นใจ,Oréline,ใช้มาตลอด..ผมไม่เสีย,ไม่มี,"ซูเปอร์มาร์เก็ต / ห้างใหญ่ (เช่น Big C, Lotus, Tops), ร้านค้าทั่วไปใกล้บ้าน (เช่น ร้านโชห่วย, ร้านของชำ), ร้านสะดวกซื้อ (เช่น 7-11, CJ More, Big C Mini)","ร้านสะดวกซื้อ (เช่น 7-11, CJ More, Big C Mini)",1,ไม่มีปัญหา / ไม่ระบุ,เลือกเพราะสีติดทน/สีสวย
หญิง,55 ปีขึ้นไป,กทม. & ปริมณฑล,"แชมพูปิดผมขาว (ฉีก เท สระ เหมือนสระผม), ครีมเปลี่ยนสีผมแบบต้องผสม (ในถ้วย/ขวด)",เคยใช้แชมพูปิดผมขาว,เห็นผมขาว,มั่นใจขึ้น ลดอายุดูดีกว่า,ดูดีสวย หน้าตาสดใส,"ได้สีผมเป็นธรรมชาติ, ใช้งานง่าย ไม่ต้องผสม, มีสารบำรุง, ราคาดี / คุ้มค่า","ก่อนออกงานสังคม เช่น งานแต่งงาน, งานบวช, ก่อนเจอเพื่อนเก่า เช่น งานรวมรุ่น, วันธรรมดาที่รู้สึกไม่มั่นใจในผมหงอก",มีความสวยงาม มั่นใจดูไม่สูงอายุ,Lyora,มั่นใจในชื่อเสียงแบนด์ ใช้ดี ราคาดี ซื้อสะดวก,ราคาถูกขึ้น เพราะใช้บ่อย,"ร้านสะดวกซื้อ (เช่น 7-11, CJ More, Big C Mini), ออนไลน์ (Shopee, Lazada, TikTok shop ฯลฯ)","ออนไลน์ (Shopee, Lazada, TikTok shop ฯลฯ)",0,"ปัญหาอื่น ๆ (ราคา, แพ็คเกจ, เลอะเทอะ, ใช้งานยาก)",เลือกเพราะสีติดทน/สีสวย
หญิง,55 ปีขึ้นไป,กทม. & ปริมณฑล,ครีมเปลี่ยนสีผมแบบต้องผสม (ในถ้วย/ขวด),เคยใช้แชมพูปิดผมขาว,เดินทางไปตจว,ดีหายคันหัวด้วย,ไม่เรียกป้า,"ปิดผมหงอกเนียนสนิท, รวดเร็ว ใช้เวลาน้อยในการทำ, ได้สีผมเป็นธรรมชาติ, ไม่แสบหนังศีรษะ, กลิ่นไม่ฉุน, มีสารบำรุง, ราคาดี / คุ้มค่า, หาซื้อง่าย / มีขายใกล้บ้าน",มีการเดินทาง พบผู้คน,ความมั่นใจ,Indigo,ใช้ง่าย กลิ่นไม่ฉุน ผมนิ่มไม่แข็ง สมุนไพร,ไม่มี,"ออนไลน์ (Shopee, Lazada, TikTok shop ฯลฯ)","ออนไลน์ (Shopee, Lazada, TikTok shop ฯลฯ)",1,ไม่มีปัญหา / ไม่ระบุ,เลือกเพราะอ่อนโยน/ไม่แพ้/กลิ่นดี
หญิง,55 ปีขึ้นไป,ภาคตะวันออก,"แชมพูปิดผมขาว (ฉีก เท สระ เหมือนสระผม), ครีมเปลี่ยนสีผมแบบต้องผสม (ในถ้วย/ขวด)",เคยใช้แชมพูปิดผมขาว,มีผมขาวตามอายุ,มีความสุข,สีนี้สวยเหมาะสมกับเรา,"ปิดผมหงอกเนียนสนิท, รวดเร็ว ใช้เวลาน้อยในการทำ","ก่อนออกงานสังคม เช่น งานแต่งงาน, งานบวช, เมื่อถึงเวลาผมหงอก",ผู้หญิงอย่าหยุดสวย,Lyora,มีสีที่ต้องการ กลิ่นไม่แรง,ดีอยู่แล้ว,"ร้านสะดวกซื้อ (เช่น 7-11, CJ More, Big C Mini)","ซูเปอร์มาร์เก็ต / ห้างใหญ่ (เช่น Big C, Lotus, Tops)",0,"ปัญหาอื่น ๆ (ราคา, แพ็คเกจ, เลอะเทอะ, ใช้งานยาก)",เลือกเพราะสีติดทน/สีสวย
หญิง,55 ปีขึ้นไป,กทม. & ปริมณฑล,"แชมพูปิดผมขาว (ฉีก เท สระ เหมือนสระผม), ครีมเปลี่ยนสีผมแบบต้องผสม (ในถ้วย/ขวด)",เคยใช้แชมพูปิดผมขาว,ต้องไปสังสรรกับเพื่อน,มั่นใจขึ้น​ ดุดีขึ้น​ ไม่แก่,ดุดี​ ไม่แก่,"ปิดผมหงอกเนียนสนิท, รวดเร็ว ใช้เวลาน้อยในการทำ, ได้สีผมเป็นธรรมชาติ, ไม่แสบหนังศีรษะ, กลิ่นไม่ฉุน, ใช้งานง่าย ไม่ต้องผสม, มีสารบำรุง, ราคาดี / คุ้มค่า","ก่อนออกงานสังคม เช่น งานแต่งงาน, งานบวช, ก่อนเจอเพื่อนเก่า เช่น งานรวมรุ่น",ดุดี​ ไม่แก่,HerbaSure,ใช้ง่าย​ ช่วงลดราคา,ราคาไม่แพง,"ซูเปอร์มาร์เก็ต / ห้างใหญ่ (เช่น Big C, Lotus, Tops)","ซูเปอร์มาร์เก็ต / ห้างใหญ่ (เช่น Big C, Lotus, Tops)",1,"ปัญหาอื่น ๆ (ราคา, แพ็คเกจ, เลอะเทอะ, ใช้งานยาก)",เลือกเพราะใช้ง่าย/สะดวกรวดเร็ว
หญิง,35–44 ปี,กทม. & ปริมณฑล,แชมพูปิดผมขาว (ฉีก เท สระ เหมือนสระผม),เคยใช้แชมพูปิดผมขาว,เห็นโคนผมขาว,มั่นใจ ดูดีขึ่น,ดูเด็ก,"ปิดผมหงอกเนียนสนิท, รวดเร็ว ใช้เวลาน้อยในการทำ, ได้สีผมเป็นธรรมชาติ, มีเฉดสีให้เลือกเยอะ, ไม่แสบหนังศีรษะ, กลิ่นไม่ฉุน, ใช้งานง่าย ไม่ต้องผสม, มีสารบำรุง, สีไม่หลุดง่าย, ราคาดี / คุ้มค่า, หาซื้อง่าย / มีขายใกล้บ้าน","ก่อนออกงานสังคม เช่น งานแต่งงาน, งานบวช, ก่อนงานสำคัญ เช่น ประชุมใหญ่บริษัท, พรีเซนต์งาน, ถ่ายรูปติดบัตร เช่น บัตรประชาชน/ใบขับขี่/พาสปอร์ต, ก่อนเจอเพื่อนเก่า เช่น งานรวมรุ่น, ช่วงเทศกาล เช่น ปีใหม่ สงกรานต์, วันธรรมดาที่รู้สึกไม่มั่นใจในผมหงอก",ให้มั่นใจ,Lorisse,ใช้แล้วก็สะดวก ติดดี,อยากได้แบบออแกนิคจริง ไม่แสบหัว,"ออนไลน์ (Shopee, Lazada, TikTok shop ฯลฯ)","ออนไลน์ (Shopee, Lazada, TikTok shop ฯลฯ)",1,มีปัญหาเรื่องกลิ่น/แสบคัน/ผมเสีย,เลือกเพราะใช้ง่าย/สะดวกรวดเร็ว
หญิง,55 ปีขึ้นไป,ภาคอีสาน,ครีมเปลี่ยนสีผมแบบต้องผสม (ในถ้วย/ขวด),เคยใช้แชมพูปิดผมขาว,เห็นผมขาว,รู้สึกดีดูไม่แก่มาก,ดูดีมาก,"ปิดผมหงอกเนียนสนิท, ได้สีผมเป็นธรรมชาติ, ไม่แสบหนังศีรษะ, กลิ่นไม่ฉุน, หาซื้อง่าย / มีขายใกล้บ้าน","ก่อนออกงานสังคม เช่น งานแต่งงาน, งานบวช, ก่อนเจอเพื่อนเก่า เช่น งานรวมรุ่น, ช่วงเทศกาล เช่น ปีใหม่ สงกรานต์, วันธรรมดาที่รู้สึกไม่มั่นใจในผมหงอก","บุคลิกภาพที่ดี,สวยงาม",LORISSE,ใช้ง่าย กลิ่นไม่ฉุน ผมไม่เสีย,ดีอยู่แล้ว,"ร้านค้าทั่วไปใกล้บ้าน (เช่น ร้านโชห่วย, ร้านของชำ), ร้านสะดวกซื้อ (เช่น 7-11, CJ More, Big C Mini)","ร้านค้าทั่วไปใกล้บ้าน (เช่น ร้านโชห่วย, ร้านของชำ)",1,"ปัญหาอื่น ๆ (ราคา, แพ็คเกจ, เลอะเทอะ, ใช้งานยาก)",เลือกเพราะอ่อนโยน/ไม่แพ้/กลิ่นดี
ชาย,55 ปีขึ้นไป,กทม. & ปริมณฑล,"แชมพูปิดผมขาว (ฉีก เท สระ เหมือนสระผม), แบบซองครีม (ไม่ต้องผสม บีบแล้วลูบลงผมได้เลย)",เคยใช้แชมพูปิดผมขาว,เห็นผมขาว,มั่นใจขึ้น,ผมดำจัง,"ปิดผมหงอกเนียนสนิท, รวดเร็ว ใช้เวลาน้อยในการทำ, ได้สีผมเป็นธรรมชาติ, ใช้งานง่าย ไม่ต้องผสม, หาซื้อง่าย / มีขายใกล้บ้าน","ก่อนเจอเพื่อนเก่า เช่น งานรวมรุ่น, ช่วงเทศกาล เช่น ปีใหม่ สงกรานต์",มั่นใจ,Lyora,ใช้ง่าย,ราคาสูง,"ร้านสะดวกซื้อ (เช่น 7-11, CJ More, Big C Mini)","ร้านสะดวกซื้อ (เช่น 7-11, CJ More, Big C Mini)",1,"ปัญหาอื่น ๆ (ราคา, แพ็คเกจ, เลอะเทอะ, ใช้งานยาก)",เลือกเพราะใช้ง่าย/สะดวกรวดเร็ว
หญิง,55 ปีขึ้นไป,ภาคอีสาน,ครีมเปลี่ยนสีผมแบบต้องผสม (ในถ้วย/ขวด),เคยใช้แชมพูปิดผมขาว,ผมขาว,มั่นใจขึ้น,ผมสวย,"ปิดผมหงอกเนียนสนิท, กลิ่นไม่ฉุน, ราคาดี / คุ้มค่า",ก่อนเจอเพื่อนเก่า เช่น งานรวมรุ่น,ความมั่นใจ,HerbaSure,ราคาดี,ไม่มี,"ร้านค้าทั่วไปใกล้บ้าน (เช่น ร้านโชห่วย, ร้านของชำ)","ร้านค้าทั่วไปใกล้บ้าน (เช่น ร้านโชห่วย, ร้านของชำ)",1,ไม่มีปัญหา / ไม่ระบุ,เลือกเพราะราคา/ความคุ้มค่า
ชาย,55 ปีขึ้นไป,กทม. & ปริมณฑล,แชมพูปิดผมขาว (ฉีก เท สระ เหมือนสระผม),เคยใช้แชมพูปิดผมขาว,เห็นผมขาว,มั่นใจขึ้น,ไม่ต้องชม แค่ใช้แล้วรู้สึกมั่นใจกว่าปล่อยผมขาว,"ปิดผมหงอกเนียนสนิท, รวดเร็ว ใช้เวลาน้อยในการทำ, ได้สีผมเป็นธรรมชาติ, ไม่แสบหนังศีรษะ, กลิ่นไม่ฉุน",วันธรรมดาที่รู้สึกไม่มั่นใจในผมหงอก,ให้รู้สึกมั่นใจ,Florevia,หาง่าย ใช้ง่าย ติดนาน,ไม่ระบุ,"ซูเปอร์มาร์เก็ต / ห้างใหญ่ (เช่น Big C, Lotus, Tops), ร้านสะดวกซื้อ (เช่น 7-11, CJ More, Big C Mini)","ร้านสะดวกซื้อ (เช่น 7-11, CJ More, Big C Mini)",1,ไม่มีปัญหา / ไม่ระบุ,เลือกเพราะสีติดทน/สีสวย
ชาย,55 ปีขึ้นไป,กทม. & ปริมณฑล,"แชมพูปิดผมขาว (ฉีก เท สระ เหมือนสระผม), ครีมเปลี่ยนสีผมแบบต้องผสม (ในถ้วย/ขวด), แบบซองครีม (ไม่ต้องผสม บีบแล้วลูบลงผมได้เลย)",เคยใช้แชมพูปิดผมขาว,ผมขาว,มั่นใจขึ้น,ไม่มีใครเคยทัก,"ปิดผมหงอกเนียนสนิท, รวดเร็ว ใช้เวลาน้อยในการทำ, ได้สีผมเป็นธรรมชาติ, มีเฉดสีให้เลือกเยอะ, ไม่แสบหนังศีรษะ, กลิ่นไม่ฉุน, ใช้งานง่าย ไม่ต้องผสม, มีสารบำรุง, สีไม่หลุดง่าย, ราคาดี / คุ้มค่า, หาซื้อง่าย / มีขายใกล้บ้าน",ตัดผม,เห็นผมขาว,Kronwald,แบรนด์,ไม่คัน,"ซูเปอร์มาร์เก็ต / ห้างใหญ่ (เช่น Big C, Lotus, Tops)","ซูเปอร์มาร์เก็ต / ห้างใหญ่ (เช่น Big C, Lotus, Tops)",1,มีปัญหาเรื่องกลิ่น/แสบคัน/ผมเสีย,"เหตุผลอื่น ๆ (เพื่อนแนะนำ, โฆษณา, พรีเซนเตอร์)"
หญิง,45–54 ปี,ภาคตะวันออก,ครีมเปลี่ยนสีผมแบบต้องผสม (ในถ้วย/ขวด),เคยใช้แชมพูปิดผมขาว,เห็นผมขาว,มั่นใจขึ้น,ดูดี,"ปิดผมหงอกเนียนสนิท, กลิ่นไม่ฉุน, สีไม่หลุดง่าย",วันธรรมดาที่รู้สึกไม่มั่นใจในผมหงอก,ผมหงอกไม่มั่นใจ,DeeAsh,ใช้ง่าย,ไม่มี,"ร้านขายยาหรือร้านบิวตี้ (เช่น Boots, Watsons)","ร้านขายยาหรือร้านบิวตี้ (เช่น Boots, Watsons)",1,ไม่มีปัญหา / ไม่ระบุ,เลือกเพราะใช้ง่าย/สะดวกรวดเร็ว
หญิง,55 ปีขึ้นไป,กทม. & ปริมณฑล,"แชมพูปิดผมขาว (ฉีก เท สระ เหมือนสระผม), ครีมเปลี่ยนสีผมแบบต้องผสม (ในถ้วย/ขวด), แบบซองครีม (ไม่ต้องผสม บีบแล้วลูบลงผมได้เลย)",เคยใช้แชมพูปิดผมขาว,เห็นผมขาว,ดูดี ไม่แก่,ดูสวยขึ้น,"ปิดผมหงอกเนียนสนิท, รวดเร็ว ใช้เวลาน้อยในการทำ, ได้สีผมเป็นธรรมชาติ, มีเฉดสีให้เลือกเยอะ, ไม่แสบหนังศีรษะ, กลิ่นไม่ฉุน, ใช้งานง่าย ไม่ต้องผสม, มีสารบำรุง, สีไม่หลุดง่าย, ราคาดี / คุ้มค่า, หาซื้อง่าย / มีขายใกล้บ้าน","ก่อนออกงานสังคม เช่น งานแต่งงาน, งานบวช, วันธรรมดาที่รู้สึกไม่มั่นใจในผมหงอก",ดูบุคลิกดีกว่ามีผมหงอก,Kronwald,ใช้ง่าย กลิ่นไม่ฉุน ไม่แสบหนังศรีษะ,ไม่มี,"ซูเปอร์มาร์เก็ต / ห้างใหญ่ (เช่น Big C, Lotus, Tops)","ซูเปอร์มาร์เก็ต / ห้างใหญ่ (เช่น Big C, Lotus, Tops)",1,ไม่มีปัญหา / ไม่ระบุ,เลือกเพราะอ่อนโยน/ไม่แพ้/กลิ่นดี
หญิง,55 ปีขึ้นไป,กทม. & ปริมณฑล,"แชมพูปิดผมขาว (ฉีก เท สระ เหมือนสระผม), ครีมเปลี่ยนสีผมแบบต้องผสม (ในถ้วย/ขวด), แบบซองครีม (ไม่ต้องผสม บีบแล้วลูบลงผมได้เลย)",เคยใช้แชมพูปิดผมขาว,เห็นผมขาว,มั่นใจขึ้น,ดูเด็กกว่าวัย,"ปิดผมหงอกเนียนสนิท, มีเฉดสีให้เลือกเยอะ, กลิ่นไม่ฉุน","ก่อนออกงานสังคม เช่น งานแต่งงาน, งานบวช, ช่วงเทศกาล เช่น ปีใหม่ สงกรานต์, วันธรรมดาที่รู้สึกไม่มั่นใจในผมหงอก",มันเห็นผมงอก ดูไม่ดี,Kronwald,คุ้นเคยชื่อแบรนด์,กลิ่นฉุน,"ซูเปอร์มาร์เก็ต / ห้างใหญ่ (เช่น Big C, Lotus, Tops), ร้านขายยาหรือร้านบิวตี้ (เช่น Boots, Watsons)","ซูเปอร์มาร์เก็ต / ห้างใหญ่ (เช่น Big C, Lotus, Tops)",1,มีปัญหาเรื่องกลิ่น/แสบคัน/ผมเสีย,"เหตุผลอื่น ๆ (เพื่อนแนะนำ, โฆษณา, พรีเซนเตอร์)"
หญิง,55 ปีขึ้นไป,ภาคตะวันตก,ครีมเปลี่ยนสีผมแบบต้องผสม (ในถ้วย/ขวด),เคยใช้แชมพูปิดผมขาว,เห็นเส้นผมขาว,ดีขึ้น,ผมสวยดี,ได้สีผมเป็นธรรมชาติ,"ก่อนออกงานสังคม เช่น งานแต่งงาน, งานบวช",ไปไหนเพื่อจะได้ดูดี,HerbaSure,กินไม่ฉุน,พอใจ,"ซูเปอร์มาร์เก็ต / ห้างใหญ่ (เช่น Big C, Lotus, Tops)","ซูเปอร์มาร์เก็ต / ห้างใหญ่ (เช่น Big C, Lotus, Tops)",0,"ปัญหาอื่น ๆ (ราคา, แพ็คเกจ, เลอะเทอะ, ใช้งานยาก)","เหตุผลอื่น ๆ (เพื่อนแนะนำ, โฆษณา, พรีเซนเตอร์)"
หญิง,55 ปีขึ้นไป,กทม. & ปริมณฑล,"แชมพูปิดผมขาว (ฉีก เท สระ เหมือนสระผม), ครีมเปลี่ยนสีผมแบบต้องผสม (ในถ้วย/ขวด), ไม่เคยใช้เลย",เคยใช้แชมพูปิดผมขาว,มีผมขาวมาก,มั่นใจ,สวยงาม,"ปิดผมหงอกเนียนสนิท, รวดเร็ว ใช้เวลาน้อยในการทำ, ได้สีผมเป็นธรรมชาติ, ไม่แสบหนังศีรษะ, กลิ่นไม่ฉุน, ราคาดี / คุ้มค่า, หาซื้อง่าย / มีขายใกล้บ้าน","ก่อนออกงานสังคม เช่น งานแต่งงาน, งานบวช, ก่อนงานสำคัญ เช่น ประชุมใหญ่บริษัท, พรีเซนต์งาน, ก่อนเจอเพื่อนเก่า เช่น งานรวมรุ่น, วันธรรมดาที่รู้สึกไม่มั่นใจในผมหงอก",ปกปิดผมขาว,HerbaSure,ใช้ง่าย,ไม่ก่อเกิดการแพ้สารเคมี,"ร้านค้าทั่วไปใกล้บ้าน (เช่น ร้านโชห่วย, ร้านของชำ)","ร้านค้าทั่วไปใกล้บ้าน (เช่น ร้านโชห่วย, ร้านของชำ)",1,มีปัญหาเรื่องกลิ่น/แสบคัน/ผมเสีย,เลือกเพราะใช้ง่าย/สะดวกรวดเร็ว
หญิง,45–54 ปี,กทม. & ปริมณฑล,ครีมเปลี่ยนสีผมแบบต้องผสม (ในถ้วย/ขวด),เคยใช้แชมพูปิดผมขาว,ปิดผมขาว,ดีจัง แต่มีสารเคมีมากมั้ยนะ,ดูไม่แก่เลย,"ปิดผมหงอกเนียนสนิท, ได้สีผมเป็นธรรมชาติ, ไม่แสบหนังศีรษะ, กลิ่นไม่ฉุน","ก่อนออกงานสังคม เช่น งานแต่งงาน, งานบวช, ช่วงเทศกาล เช่น ปีใหม่ สงกรานต์",มั่นใจ,HerbaSure,สีติดทน,ไม่ระบุ,"ซูเปอร์มาร์เก็ต / ห้างใหญ่ (เช่น Big C, Lotus, Tops), ร้านสะดวกซื้อ (เช่น 7-11, CJ More, Big C Mini), ร้านขายยาหรือร้านบิวตี้ (เช่น Boots, Watsons)","ซูเปอร์มาร์เก็ต / ห้างใหญ่ (เช่น Big C, Lotus, Tops)",1,ไม่มีปัญหา / ไม่ระบุ,เลือกเพราะสีติดทน/สีสวย
หญิง,55 ปีขึ้นไป,กทม. & ปริมณฑล,"แชมพูปิดผมขาว (ฉีก เท สระ เหมือนสระผม), ครีมเปลี่ยนสีผมแบบต้องผสม (ในถ้วย/ขวด), แบบซองครีม (ไม่ต้องผสม บีบแล้วลูบลงผมได้เลย)",เคยใช้แชมพูปิดผมขาว,ผมขาว,ดูโทรมน้อยลง,สีผมสวย,"ปิดผมหงอกเนียนสนิท, รวดเร็ว ใช้เวลาน้อยในการทำ, ได้สีผมเป็นธรรมชาติ, มีเฉดสีให้เลือกเยอะ, ไม่แสบหนังศีรษะ, กลิ่นไม่ฉุน, ใช้งานง่าย ไม่ต้องผสม, มีสารบำรุง, สีไม่หลุดง่าย, ราคาดี / คุ้มค่า, หาซื้อง่าย / มีขายใกล้บ้าน",วันธรรมดาที่รู้สึกไม่มั่นใจในผมหงอก,รู้สึกผมเริ่มขาวมากกว่าปกติ,HerbaSure,หาซื้อง่าย,สารบำรุงผม,"ร้านสะดวกซื้อ (เช่น 7-11, CJ More, Big C Mini)","ร้านสะดวกซื้อ (เช่น 7-11, CJ More, Big C Mini)",1,"ปัญหาอื่น ๆ (ราคา, แพ็คเกจ, เลอะเทอะ, ใช้งานยาก)",เลือกเพราะใช้ง่าย/สะดวกรวดเร็ว
